match_id,inning,batting_team,bowling_team,over,ball,batsman,bowler,wide_runs,bye_runs,legbye_runs,noball_runs,total_runs,extra_runs,player_dismissed,dismissal_kind
1122285,1,India,South Africa,1,1,Rohit Sharma,Dane Paterson,0,0,0,0,0,0,,
1122285,1,India,South Africa,1,2,Rohit Sharma,Dane Paterson,0,0,0,0,6,0,,
1122285,1,India,South Africa,1,3,Rohit Sharma,Dane Paterson,0,0,0,0,1,0,,
1122285,1,India,South Africa,1,4,Shikhar Dhawan,Dane Paterson,0,0,0,0,1,0,,
1122285,1,India,South Africa,1,5,Rohit Sharma,Dane Paterson,0,0,0,0,6,0,,
1122285,1,India,South Africa,1,6,Rohit Sharma,Dane Paterson,0,0,0,0,4,0,,
1122285,1,India,South Africa,2,1,Shikhar Dhawan,Junior Dala,0,0,0,0,1,0,,
1122285,1,India,South Africa,2,2,Rohit Sharma,Junior Dala,0,0,0,0,4,0,,
1122285,1,India,South Africa,2,3,Rohit Sharma,Junior Dala,0,0,0,0,0,0,,
1122285,1,India,South Africa,2,4,Rohit Sharma,Junior Dala,0,0,0,0,0,0,,
1122285,1,India,South Africa,2,5,Rohit Sharma,Junior Dala,0,0,0,0,0,0,Rohit Sharma,caught
1122285,1,India,South Africa,2,6,Suresh Raina,Junior Dala,1,0,0,0,1,1,,
1122285,1,India,South Africa,2,7,Suresh Raina,Junior Dala,0,0,0,0,0,0,,
1122285,1,India,South Africa,3,1,Shikhar Dhawan,Dane Paterson,0,0,0,0,0,0,,
1122285,1,India,South Africa,3,2,Shikhar Dhawan,Dane Paterson,0,0,0,0,1,0,,
1122285,1,India,South Africa,3,3,Suresh Raina,Dane Paterson,0,0,0,0,1,0,,
1122285,1,India,South Africa,3,4,Shikhar Dhawan,Dane Paterson,0,0,0,0,1,0,,
1122285,1,India,South Africa,3,5,Suresh Raina,Dane Paterson,0,0,0,0,6,0,,
1122285,1,India,South Africa,3,6,Suresh Raina,Dane Paterson,0,0,0,0,4,0,,
1122285,1,India,South Africa,4,1,Shikhar Dhawan,Junior Dala,0,0,0,0,6,0,,
1122285,1,India,South Africa,4,2,Shikhar Dhawan,Junior Dala,0,0,0,0,0,0,,
1122285,1,India,South Africa,4,3,Shikhar Dhawan,Junior Dala,1,0,0,0,1,1,,
1122285,1,India,South Africa,4,4,Shikhar Dhawan,Junior Dala,0,0,0,0,1,0,,
1122285,1,India,South Africa,4,5,Suresh Raina,Junior Dala,0,0,0,0,0,0,,
1122285,1,India,South Africa,4,6,Suresh Raina,Junior Dala,0,0,0,0,4,0,,
1122285,1,India,South Africa,4,7,Suresh Raina,Junior Dala,0,0,0,0,0,0,Suresh Raina,caught
1122285,1,India,South Africa,5,1,Virat Kohli,Chris Morris,0,0,0,0,0,0,,
1122285,1,India,South Africa,5,2,Virat Kohli,Chris Morris,0,0,0,0,0,0,,
1122285,1,India,South Africa,5,3,Virat Kohli,Chris Morris,0,0,0,0,2,0,,
1122285,1,India,South Africa,5,4,Virat Kohli,Chris Morris,0,0,0,0,1,0,,
1122285,1,India,South Africa,5,5,Shikhar Dhawan,Chris Morris,0,0,0,0,4,0,,
1122285,1,India,South Africa,5,6,Shikhar Dhawan,Chris Morris,0,0,0,0,4,0,,
1122285,1,India,South Africa,6,1,Virat Kohli,Junior Dala,0,0,0,0,4,0,,
1122285,1,India,South Africa,6,2,Virat Kohli,Junior Dala,0,0,0,0,1,0,,
1122285,1,India,South Africa,6,3,Shikhar Dhawan,Junior Dala,0,0,0,0,1,0,,
1122285,1,India,South Africa,6,4,Virat Kohli,Junior Dala,0,0,0,0,1,0,,
1122285,1,India,South Africa,6,5,Shikhar Dhawan,Junior Dala,0,0,0,0,6,0,,
1122285,1,India,South Africa,6,6,Shikhar Dhawan,Junior Dala,1,0,0,0,1,1,,
1122285,1,India,South Africa,6,7,Shikhar Dhawan,Junior Dala,0,0,0,0,4,0,,
1122285,1,India,South Africa,7,1,Virat Kohli,Chris Morris,0,0,0,0,0,0,,
1122285,1,India,South Africa,7,2,Virat Kohli,Chris Morris,1,0,0,0,1,1,,
1122285,1,India,South Africa,7,3,Virat Kohli,Chris Morris,0,0,0,0,0,0,,
1122285,1,India,South Africa,7,4,Virat Kohli,Chris Morris,0,0,0,0,0,0,,
1122285,1,India,South Africa,7,5,Virat Kohli,Chris Morris,0,0,0,0,1,0,,
1122285,1,India,South Africa,7,6,Shikhar Dhawan,Chris Morris,0,0,0,0,0,0,,
1122285,1,India,South Africa,7,7,Shikhar Dhawan,Chris Morris,0,0,0,0,4,0,,
1122285,1,India,South Africa,8,1,Virat Kohli,Tabraiz Shamsi,0,0,0,0,0,0,,
1122285,1,India,South Africa,8,2,Virat Kohli,Tabraiz Shamsi,0,0,0,0,4,0,,
1122285,1,India,South Africa,8,3,Virat Kohli,Tabraiz Shamsi,0,0,0,0,2,0,,
1122285,1,India,South Africa,8,4,Virat Kohli,Tabraiz Shamsi,0,0,0,0,6,0,,
1122285,1,India,South Africa,8,5,Virat Kohli,Tabraiz Shamsi,0,0,0,0,1,0,,
1122285,1,India,South Africa,8,6,Shikhar Dhawan,Tabraiz Shamsi,0,0,0,0,1,0,,
1122285,1,India,South Africa,9,1,Shikhar Dhawan,JJ Smuts,0,0,0,0,1,0,,
1122285,1,India,South Africa,9,2,Virat Kohli,JJ Smuts,0,0,0,0,1,0,,
1122285,1,India,South Africa,9,3,Shikhar Dhawan,JJ Smuts,0,0,0,0,0,0,,
1122285,1,India,South Africa,9,4,Shikhar Dhawan,JJ Smuts,0,0,0,0,4,0,,
1122285,1,India,South Africa,9,5,Shikhar Dhawan,JJ Smuts,0,0,0,0,1,0,,
1122285,1,India,South Africa,9,6,Virat Kohli,JJ Smuts,0,0,0,0,1,0,,
1122285,1,India,South Africa,10,1,Virat Kohli,Tabraiz Shamsi,0,0,0,0,1,0,,
1122285,1,India,South Africa,10,2,Shikhar Dhawan,Tabraiz Shamsi,0,0,0,0,1,0,,
1122285,1,India,South Africa,10,3,Virat Kohli,Tabraiz Shamsi,0,0,0,0,0,0,Virat Kohli,leg before wicket
1122285,1,India,South Africa,10,4,Manish Pandey,Tabraiz Shamsi,0,0,0,0,1,0,,
1122285,1,India,South Africa,10,5,Shikhar Dhawan,Tabraiz Shamsi,0,0,0,0,0,0,,
1122285,1,India,South Africa,10,6,Shikhar Dhawan,Tabraiz Shamsi,0,0,0,0,1,0,,
1122285,1,India,South Africa,11,1,Shikhar Dhawan,JJ Smuts,0,0,0,0,1,0,,
1122285,1,India,South Africa,11,2,Manish Pandey,JJ Smuts,0,0,0,0,0,0,,
1122285,1,India,South Africa,11,3,Manish Pandey,JJ Smuts,0,0,0,0,1,0,,
1122285,1,India,South Africa,11,4,Shikhar Dhawan,JJ Smuts,0,0,0,0,2,0,,
1122285,1,India,South Africa,11,5,Shikhar Dhawan,JJ Smuts,0,0,0,0,1,0,,
1122285,1,India,South Africa,11,6,Manish Pandey,JJ Smuts,0,0,0,0,1,0,,
1122285,1,India,South Africa,12,1,Manish Pandey,Tabraiz Shamsi,0,0,0,0,6,0,,
1122285,1,India,South Africa,12,2,Manish Pandey,Tabraiz Shamsi,0,0,0,0,1,0,,
1122285,1,India,South Africa,12,3,Shikhar Dhawan,Tabraiz Shamsi,0,0,0,0,4,0,,
1122285,1,India,South Africa,12,4,Shikhar Dhawan,Tabraiz Shamsi,0,0,0,0,1,0,,
1122285,1,India,South Africa,12,5,Manish Pandey,Tabraiz Shamsi,0,0,0,0,0,0,,
1122285,1,India,South Africa,12,6,Manish Pandey,Tabraiz Shamsi,0,0,0,0,0,0,,
1122285,1,India,South Africa,13,1,Shikhar Dhawan,Andile Phehlukwayo,0,0,0,0,0,0,,
1122285,1,India,South Africa,13,2,Shikhar Dhawan,Andile Phehlukwayo,0,0,0,0,4,0,,
1122285,1,India,South Africa,13,3,Shikhar Dhawan,Andile Phehlukwayo,0,0,2,0,2,2,,
1122285,1,India,South Africa,13,4,Shikhar Dhawan,Andile Phehlukwayo,0,0,0,0,2,0,,
1122285,1,India,South Africa,13,5,Shikhar Dhawan,Andile Phehlukwayo,0,0,0,0,1,0,,
1122285,1,India,South Africa,13,6,Manish Pandey,Andile Phehlukwayo,0,0,0,0,1,0,,
1122285,1,India,South Africa,14,1,Manish Pandey,Junior Dala,0,0,0,0,0,0,,
1122285,1,India,South Africa,14,2,Manish Pandey,Junior Dala,0,0,0,0,1,0,,
1122285,1,India,South Africa,14,3,Shikhar Dhawan,Junior Dala,0,0,0,0,4,0,,
1122285,1,India,South Africa,14,4,Shikhar Dhawan,Junior Dala,0,0,0,0,1,0,,
1122285,1,India,South Africa,14,5,Manish Pandey,Junior Dala,0,0,0,0,1,0,,
1122285,1,India,South Africa,14,6,Shikhar Dhawan,Junior Dala,0,0,0,0,4,0,,
1122285,1,India,South Africa,15,1,Manish Pandey,Andile Phehlukwayo,0,0,0,0,1,0,,
1122285,1,India,South Africa,15,2,Shikhar Dhawan,Andile Phehlukwayo,0,0,0,0,0,0,,
1122285,1,India,South Africa,15,3,Shikhar Dhawan,Andile Phehlukwayo,1,0,0,0,1,1,,
1122285,1,India,South Africa,15,4,Shikhar Dhawan,Andile Phehlukwayo,0,0,0,0,4,0,,
1122285,1,India,South Africa,15,5,Shikhar Dhawan,Andile Phehlukwayo,0,0,0,0,0,0,Shikhar Dhawan,caught
1122285,1,India,South Africa,15,6,MS Dhoni,Andile Phehlukwayo,0,0,0,0,1,0,,
1122285,1,India,South Africa,15,7,Manish Pandey,Andile Phehlukwayo,0,0,0,0,1,0,,
1122285,1,India,South Africa,16,1,Manish Pandey,Tabraiz Shamsi,0,0,0,0,3,0,,
1122285,1,India,South Africa,16,2,MS Dhoni,Tabraiz Shamsi,0,0,0,0,0,0,,
1122285,1,India,South Africa,16,3,MS Dhoni,Tabraiz Shamsi,0,0,0,0,1,0,,
1122285,1,India,South Africa,16,4,Manish Pandey,Tabraiz Shamsi,0,0,0,0,2,0,,
1122285,1,India,South Africa,16,5,Manish Pandey,Tabraiz Shamsi,1,0,0,0,1,1,,
1122285,1,India,South Africa,16,6,Manish Pandey,Tabraiz Shamsi,0,0,0,0,0,0,,
1122285,1,India,South Africa,16,7,Manish Pandey,Tabraiz Shamsi,0,0,0,0,0,0,,
1122285,1,India,South Africa,17,1,MS Dhoni,Chris Morris,0,0,0,0,2,0,,
1122285,1,India,South Africa,17,2,MS Dhoni,Chris Morris,0,0,0,0,1,0,,
1122285,1,India,South Africa,17,3,Manish Pandey,Chris Morris,0,0,0,0,1,0,,
1122285,1,India,South Africa,17,4,MS Dhoni,Chris Morris,0,0,0,0,1,0,,
1122285,1,India,South Africa,17,5,Manish Pandey,Chris Morris,1,0,0,0,1,1,,
1122285,1,India,South Africa,17,6,Manish Pandey,Chris Morris,0,0,0,0,1,0,,
1122285,1,India,South Africa,17,7,MS Dhoni,Chris Morris,0,0,0,0,4,0,,
1122285,1,India,South Africa,18,1,Manish Pandey,Dane Paterson,0,0,0,0,1,0,,
1122285,1,India,South Africa,18,2,MS Dhoni,Dane Paterson,0,0,0,0,4,0,,
1122285,1,India,South Africa,18,3,MS Dhoni,Dane Paterson,0,0,0,0,1,0,,
1122285,1,India,South Africa,18,4,Manish Pandey,Dane Paterson,0,0,0,0,0,0,,
1122285,1,India,South Africa,18,5,Manish Pandey,Dane Paterson,0,0,0,0,1,0,,
1122285,1,India,South Africa,18,6,MS Dhoni,Dane Paterson,0,0,0,0,1,0,,
1122285,1,India,South Africa,19,1,MS Dhoni,Chris Morris,0,0,0,0,0,0,MS Dhoni,bowled
1122285,1,India,South Africa,19,2,Hardik Pandya,Chris Morris,1,0,0,0,1,1,,
1122285,1,India,South Africa,19,3,Hardik Pandya,Chris Morris,0,0,0,0,0,0,,
1122285,1,India,South Africa,19,4,Hardik Pandya,Chris Morris,0,0,0,0,4,0,,
1122285,1,India,South Africa,19,5,Hardik Pandya,Chris Morris,0,0,0,0,4,0,,
1122285,1,India,South Africa,19,6,Hardik Pandya,Chris Morris,0,0,0,0,1,0,,
1122285,1,India,South Africa,19,7,Manish Pandey,Chris Morris,0,0,0,0,1,0,,
1122285,1,India,South Africa,20,1,Manish Pandey,Dane Paterson,0,0,0,0,1,0,,
1122285,1,India,South Africa,20,2,Hardik Pandya,Dane Paterson,1,0,0,0,1,1,,
1122285,1,India,South Africa,20,3,Hardik Pandya,Dane Paterson,0,0,0,0,2,0,,
1122285,1,India,South Africa,20,4,Hardik Pandya,Dane Paterson,0,0,0,0,1,0,,
1122285,1,India,South Africa,20,5,Manish Pandey,Dane Paterson,0,0,0,0,2,0,,
1122285,1,India,South Africa,20,6,Manish Pandey,Dane Paterson,0,0,0,0,1,0,,
1122285,1,India,South Africa,20,7,Hardik Pandya,Dane Paterson,0,0,0,0,1,0,,
1122285,2,South Africa,India,1,1,JJ Smuts,Bhuvneshwar Kumar,0,0,0,0,4,0,,
1122285,2,South Africa,India,1,2,JJ Smuts,Bhuvneshwar Kumar,0,0,0,0,1,0,,
1122285,2,South Africa,India,1,3,Reeza Hendricks,Bhuvneshwar Kumar,0,0,0,0,1,0,,
1122285,2,South Africa,India,1,4,JJ Smuts,Bhuvneshwar Kumar,0,0,0,0,0,0,,
1122285,2,South Africa,India,1,5,JJ Smuts,Bhuvneshwar Kumar,0,0,0,0,0,0,,
1122285,2,South Africa,India,1,6,JJ Smuts,Bhuvneshwar Kumar,0,0,0,0,0,0,,
1122285,2,South Africa,India,2,1,Reeza Hendricks,Jaydev Unadkat,0,0,0,0,0,0,,
1122285,2,South Africa,India,2,2,Reeza Hendricks,Jaydev Unadkat,0,0,0,0,4,0,,
1122285,2,South Africa,India,2,3,Reeza Hendricks,Jaydev Unadkat,1,0,0,0,1,1,,
1122285,2,South Africa,India,2,4,Reeza Hendricks,Jaydev Unadkat,0,0,0,0,0,0,,
1122285,2,South Africa,India,2,5,Reeza Hendricks,Jaydev Unadkat,0,0,0,0,1,0,,
1122285,2,South Africa,India,2,6,JJ Smuts,Jaydev Unadkat,0,0,0,0,4,0,,
1122285,2,South Africa,India,2,7,JJ Smuts,Jaydev Unadkat,0,0,0,0,4,0,,
1122285,2,South Africa,India,3,1,Reeza Hendricks,Bhuvneshwar Kumar,0,0,0,0,1,0,,
1122285,2,South Africa,India,3,2,JJ Smuts,Bhuvneshwar Kumar,0,0,0,0,1,0,,
1122285,2,South Africa,India,3,3,Reeza Hendricks,Bhuvneshwar Kumar,0,0,0,0,6,0,,
1122285,2,South Africa,India,3,4,Reeza Hendricks,Bhuvneshwar Kumar,0,0,0,0,1,0,,
1122285,2,South Africa,India,3,5,JJ Smuts,Bhuvneshwar Kumar,0,0,0,0,0,0,JJ Smuts,caught
1122285,2,South Africa,India,3,6,Reeza Hendricks,Bhuvneshwar Kumar,0,0,0,0,1,0,,
1122285,2,South Africa,India,4,1,Reeza Hendricks,Jaydev Unadkat,0,0,0,0,1,0,,
1122285,2,South Africa,India,4,2,Jean-Paul Duminy,Jaydev Unadkat,0,0,1,0,1,1,,
1122285,2,South Africa,India,4,3,Reeza Hendricks,Jaydev Unadkat,0,0,0,0,0,0,,
1122285,2,South Africa,India,4,4,Reeza Hendricks,Jaydev Unadkat,0,0,0,0,1,0,,
1122285,2,South Africa,India,4,5,Jean-Paul Duminy,Jaydev Unadkat,0,0,0,0,0,0,,
1122285,2,South Africa,India,4,6,Jean-Paul Duminy,Jaydev Unadkat,0,0,0,0,2,0,,
1122285,2,South Africa,India,5,1,Reeza Hendricks,Bhuvneshwar Kumar,0,0,0,0,1,0,,
1122285,2,South Africa,India,5,2,Jean-Paul Duminy,Bhuvneshwar Kumar,0,0,0,0,0,0,,
1122285,2,South Africa,India,5,3,Jean-Paul Duminy,Bhuvneshwar Kumar,0,0,0,0,0,0,,
1122285,2,South Africa,India,5,4,Jean-Paul Duminy,Bhuvneshwar Kumar,0,0,0,0,1,0,,
1122285,2,South Africa,India,5,5,Reeza Hendricks,Bhuvneshwar Kumar,0,0,0,0,1,0,,
1122285,2,South Africa,India,5,6,Jean-Paul Duminy,Bhuvneshwar Kumar,0,0,0,0,0,0,Jean-Paul Duminy,caught
1122285,2,South Africa,India,6,1,David Miller,Jasprit Bumrah,0,0,0,0,0,0,,
1122285,2,South Africa,India,6,2,David Miller,Jasprit Bumrah,0,0,0,0,2,0,,
1122285,2,South Africa,India,6,3,David Miller,Jasprit Bumrah,0,0,0,0,1,0,,
1122285,2,South Africa,India,6,4,Reeza Hendricks,Jasprit Bumrah,0,0,0,0,0,0,,
1122285,2,South Africa,India,6,5,Reeza Hendricks,Jasprit Bumrah,0,0,0,0,0,0,,
1122285,2,South Africa,India,6,6,Reeza Hendricks,Jasprit Bumrah,0,0,0,0,0,0,,
1122285,2,South Africa,India,7,1,David Miller,Hardik Pandya,0,0,0,0,6,0,,
1122285,2,South Africa,India,7,2,David Miller,Hardik Pandya,1,0,0,0,1,1,,
1122285,2,South Africa,India,7,3,David Miller,Hardik Pandya,0,0,0,0,0,0,David Miller,caught
1122285,2,South Africa,India,7,4,Reeza Hendricks,Hardik Pandya,0,0,0,0,1,0,,
1122285,2,South Africa,India,7,5,Farhaan Behardien,Hardik Pandya,0,0,0,0,1,0,,
1122285,2,South Africa,India,7,6,Reeza Hendricks,Hardik Pandya,1,0,0,0,1,1,,
1122285,2,South Africa,India,7,7,Reeza Hendricks,Hardik Pandya,0,0,0,0,4,0,,
1122285,2,South Africa,India,7,8,Reeza Hendricks,Hardik Pandya,0,0,0,0,0,0,,
1122285,2,South Africa,India,8,1,Farhaan Behardien,Yuzvendra Chahal,0,0,0,0,1,0,,
1122285,2,South Africa,India,8,2,Reeza Hendricks,Yuzvendra Chahal,0,0,0,0,1,0,,
1122285,2,South Africa,India,8,3,Farhaan Behardien,Yuzvendra Chahal,0,0,0,0,1,0,,
1122285,2,South Africa,India,8,4,Reeza Hendricks,Yuzvendra Chahal,0,0,0,0,1,0,,
1122285,2,South Africa,India,8,5,Farhaan Behardien,Yuzvendra Chahal,0,0,0,0,1,0,,
1122285,2,South Africa,India,8,6,Reeza Hendricks,Yuzvendra Chahal,0,0,0,0,1,0,,
1122285,2,South Africa,India,9,1,Reeza Hendricks,Hardik Pandya,0,0,0,0,1,0,,
1122285,2,South Africa,India,9,2,Farhaan Behardien,Hardik Pandya,0,0,0,0,0,0,,
1122285,2,South Africa,India,9,3,Farhaan Behardien,Hardik Pandya,0,0,0,0,1,0,,
1122285,2,South Africa,India,9,4,Reeza Hendricks,Hardik Pandya,0,0,0,0,1,0,,
1122285,2,South Africa,India,9,5,Farhaan Behardien,Hardik Pandya,0,0,0,0,4,0,,
1122285,2,South Africa,India,9,6,Farhaan Behardien,Hardik Pandya,0,0,0,0,0,0,,
1122285,2,South Africa,India,10,1,Reeza Hendricks,Yuzvendra Chahal,0,0,0,0,1,0,,
1122285,2,South Africa,India,10,2,Farhaan Behardien,Yuzvendra Chahal,0,0,0,0,6,0,,
1122285,2,South Africa,India,10,3,Farhaan Behardien,Yuzvendra Chahal,0,0,0,0,2,0,,
1122285,2,South Africa,India,10,4,Farhaan Behardien,Yuzvendra Chahal,0,0,0,0,1,0,,
1122285,2,South Africa,India,10,5,Reeza Hendricks,Yuzvendra Chahal,0,0,0,0,0,0,,
1122285,2,South Africa,India,10,6,Reeza Hendricks,Yuzvendra Chahal,0,0,0,0,1,0,,
1122285,2,South Africa,India,11,1,Reeza Hendricks,Hardik Pandya,0,0,0,0,1,0,,
1122285,2,South Africa,India,11,2,Farhaan Behardien,Hardik Pandya,0,0,0,0,1,0,,
1122285,2,South Africa,India,11,3,Reeza Hendricks,Hardik Pandya,0,0,0,0,2,0,,
1122285,2,South Africa,India,11,4,Reeza Hendricks,Hardik Pandya,0,0,0,0,1,0,,
1122285,2,South Africa,India,11,5,Farhaan Behardien,Hardik Pandya,0,0,0,0,1,0,,
1122285,2,South Africa,India,11,6,Reeza Hendricks,Hardik Pandya,0,0,0,0,4,0,,
1122285,2,South Africa,India,12,1,Farhaan Behardien,Yuzvendra Chahal,0,0,0,0,0,0,,
1122285,2,South Africa,India,12,2,Farhaan Behardien,Yuzvendra Chahal,0,0,0,0,4,0,,
1122285,2,South Africa,India,12,3,Farhaan Behardien,Yuzvendra Chahal,1,0,0,0,1,1,,
1122285,2,South Africa,India,12,4,Farhaan Behardien,Yuzvendra Chahal,0,0,0,0,1,0,,
1122285,2,South Africa,India,12,5,Reeza Hendricks,Yuzvendra Chahal,0,0,0,0,4,0,,
1122285,2,South Africa,India,12,6,Reeza Hendricks,Yuzvendra Chahal,0,0,0,0,4,0,,
1122285,2,South Africa,India,12,7,Reeza Hendricks,Yuzvendra Chahal,0,0,0,0,0,0,,
1122285,2,South Africa,India,13,1,Farhaan Behardien,Jaydev Unadkat,0,0,0,0,0,0,,
1122285,2,South Africa,India,13,2,Farhaan Behardien,Jaydev Unadkat,0,0,0,0,4,0,,
1122285,2,South Africa,India,13,3,Farhaan Behardien,Jaydev Unadkat,0,0,0,0,0,0,,
1122285,2,South Africa,India,13,4,Farhaan Behardien,Jaydev Unadkat,0,0,0,0,1,0,,
1122285,2,South Africa,India,13,5,Reeza Hendricks,Jaydev Unadkat,0,0,0,0,2,0,,
1122285,2,South Africa,India,13,6,Reeza Hendricks,Jaydev Unadkat,0,0,0,0,2,0,,
1122285,2,South Africa,India,14,1,Farhaan Behardien,Jasprit Bumrah,0,0,0,0,6,0,,
1122285,2,South Africa,India,14,2,Farhaan Behardien,Jasprit Bumrah,0,0,0,0,1,0,,
1122285,2,South Africa,India,14,3,Reeza Hendricks,Jasprit Bumrah,0,0,0,0,0,0,,
1122285,2,South Africa,India,14,4,Reeza Hendricks,Jasprit Bumrah,0,0,0,0,1,0,,
1122285,2,South Africa,India,14,5,Farhaan Behardien,Jasprit Bumrah,0,0,0,0,0,0,,
1122285,2,South Africa,India,14,6,Farhaan Behardien,Jasprit Bumrah,0,0,0,0,1,0,,
1122285,2,South Africa,India,15,1,Farhaan Behardien,Yuzvendra Chahal,0,0,0,0,0,0,,
1122285,2,South Africa,India,15,2,Farhaan Behardien,Yuzvendra Chahal,0,0,0,0,1,0,,
1122285,2,South Africa,India,15,3,Reeza Hendricks,Yuzvendra Chahal,0,0,0,0,2,0,,
1122285,2,South Africa,India,15,4,Reeza Hendricks,Yuzvendra Chahal,0,0,0,0,4,0,,
1122285,2,South Africa,India,15,5,Reeza Hendricks,Yuzvendra Chahal,0,0,0,0,1,0,,
1122285,2,South Africa,India,15,6,Farhaan Behardien,Yuzvendra Chahal,0,0,0,0,0,0,Farhaan Behardien,caught
1122285,2,South Africa,India,16,1,Reeza Hendricks,Jasprit Bumrah,0,0,0,0,0,0,,
1122285,2,South Africa,India,16,2,Reeza Hendricks,Jasprit Bumrah,0,0,0,0,4,0,,
1122285,2,South Africa,India,16,3,Reeza Hendricks,Jasprit Bumrah,0,0,0,0,0,0,,
1122285,2,South Africa,India,16,4,Reeza Hendricks,Jasprit Bumrah,0,0,0,0,1,0,,
1122285,2,South Africa,India,16,5,Heinrich Klaasen,Jasprit Bumrah,0,0,0,0,1,0,,
1122285,2,South Africa,India,16,6,Reeza Hendricks,Jasprit Bumrah,0,0,0,0,4,0,,
1122285,2,South Africa,India,17,1,Heinrich Klaasen,Hardik Pandya,0,0,0,0,1,0,,
1122285,2,South Africa,India,17,2,Reeza Hendricks,Hardik Pandya,0,0,0,0,1,0,,
1122285,2,South Africa,India,17,3,Heinrich Klaasen,Hardik Pandya,1,0,0,0,1,1,,
1122285,2,South Africa,India,17,4,Heinrich Klaasen,Hardik Pandya,0,1,0,0,1,1,,
1122285,2,South Africa,India,17,5,Reeza Hendricks,Hardik Pandya,0,0,0,0,1,0,,
1122285,2,South Africa,India,17,6,Heinrich Klaasen,Hardik Pandya,0,0,0,0,6,0,,
1122285,2,South Africa,India,17,7,Heinrich Klaasen,Hardik Pandya,0,0,0,0,4,0,,
1122285,2,South Africa,India,18,1,Reeza Hendricks,Bhuvneshwar Kumar,0,0,0,0,0,0,Reeza Hendricks,caught
1122285,2,South Africa,India,18,2,Heinrich Klaasen,Bhuvneshwar Kumar,0,0,0,0,2,0,,
1122285,2,South Africa,India,18,3,Heinrich Klaasen,Bhuvneshwar Kumar,0,0,0,0,2,0,,
1122285,2,South Africa,India,18,4,Heinrich Klaasen,Bhuvneshwar Kumar,0,0,0,0,0,0,Heinrich Klaasen,caught
1122285,2,South Africa,India,18,5,Chris Morris,Bhuvneshwar Kumar,0,0,0,0,0,0,Chris Morris,caught
1122285,2,South Africa,India,18,6,Dane Paterson,Bhuvneshwar Kumar,0,0,0,0,1,0,Dane Paterson,run out
1122285,2,South Africa,India,19,1,Andile Phehlukwayo,Jasprit Bumrah,0,0,0,1,5,1,,
1122285,2,South Africa,India,19,2,Andile Phehlukwayo,Jasprit Bumrah,0,0,0,0,1,0,,
1122285,2,South Africa,India,19,3,Junior Dala,Jasprit Bumrah,0,0,0,0,1,0,,
1122285,2,South Africa,India,19,4,Andile Phehlukwayo,Jasprit Bumrah,0,0,0,0,1,0,,
1122285,2,South Africa,India,19,5,Junior Dala,Jasprit Bumrah,0,0,0,0,1,0,,
1122285,2,South Africa,India,19,6,Andile Phehlukwayo,Jasprit Bumrah,0,0,0,0,1,0,,
1122285,2,South Africa,India,19,7,Junior Dala,Jasprit Bumrah,0,0,0,0,0,0,,
1122285,2,South Africa,India,20,1,Andile Phehlukwayo,Jaydev Unadkat,0,0,0,0,4,0,,
1122285,2,South Africa,India,20,2,Andile Phehlukwayo,Jaydev Unadkat,0,0,0,0,0,0,,
1122285,2,South Africa,India,20,3,Andile Phehlukwayo,Jaydev Unadkat,0,0,0,0,2,0,,
1122285,2,South Africa,India,20,4,Andile Phehlukwayo,Jaydev Unadkat,0,0,0,0,0,0,Andile Phehlukwayo,caught
1122285,2,South Africa,India,20,5,Tabraiz Shamsi,Jaydev Unadkat,0,0,0,0,0,0,,
1122285,2,South Africa,India,20,6,Tabraiz Shamsi,Jaydev Unadkat,0,0,0,0,0,0,,
1122286,1,India,South Africa,1,1,Shikhar Dhawan,Chris Morris,0,0,0,0,0,0,,
1122286,1,India,South Africa,1,2,Shikhar Dhawan,Chris Morris,0,0,0,0,0,0,,
1122286,1,India,South Africa,1,3,Shikhar Dhawan,Chris Morris,0,0,0,0,0,0,,
1122286,1,India,South Africa,1,4,Shikhar Dhawan,Chris Morris,0,0,0,0,0,0,,
1122286,1,India,South Africa,1,5,Shikhar Dhawan,Chris Morris,0,0,0,0,0,0,,
1122286,1,India,South Africa,1,6,Shikhar Dhawan,Chris Morris,0,0,0,0,0,0,,
1122286,1,India,South Africa,2,1,Rohit Sharma,Junior Dala,0,0,0,0,0,0,Rohit Sharma,leg before wicket
1122286,1,India,South Africa,2,2,Suresh Raina,Junior Dala,0,0,0,0,0,0,,
1122286,1,India,South Africa,2,3,Suresh Raina,Junior Dala,0,0,0,0,2,0,,
1122286,1,India,South Africa,2,4,Suresh Raina,Junior Dala,0,0,0,0,4,0,,
1122286,1,India,South Africa,2,5,Suresh Raina,Junior Dala,0,0,0,0,0,0,,
1122286,1,India,South Africa,2,6,Suresh Raina,Junior Dala,0,0,0,0,2,0,,
1122286,1,India,South Africa,3,1,Shikhar Dhawan,Chris Morris,0,0,0,0,4,0,,
1122286,1,India,South Africa,3,2,Shikhar Dhawan,Chris Morris,0,0,0,0,6,0,,
1122286,1,India,South Africa,3,3,Shikhar Dhawan,Chris Morris,0,0,0,0,4,0,,
1122286,1,India,South Africa,3,4,Shikhar Dhawan,Chris Morris,0,0,0,0,0,0,,
1122286,1,India,South Africa,3,5,Shikhar Dhawan,Chris Morris,0,0,0,0,6,0,,
1122286,1,India,South Africa,3,6,Shikhar Dhawan,Chris Morris,0,0,0,0,0,0,,
1122286,1,India,South Africa,4,1,Suresh Raina,Dane Paterson,0,0,0,0,0,0,,
1122286,1,India,South Africa,4,2,Suresh Raina,Dane Paterson,0,0,0,0,0,0,,
1122286,1,India,South Africa,4,3,Suresh Raina,Dane Paterson,0,0,0,0,4,0,,
1122286,1,India,South Africa,4,4,Suresh Raina,Dane Paterson,0,0,0,0,0,0,,
1122286,1,India,South Africa,4,5,Suresh Raina,Dane Paterson,0,0,0,0,4,0,,
1122286,1,India,South Africa,4,6,Suresh Raina,Dane Paterson,0,0,0,0,4,0,,
1122286,1,India,South Africa,5,1,Shikhar Dhawan,Jean-Paul Duminy,0,0,0,0,4,0,,
1122286,1,India,South Africa,5,2,Shikhar Dhawan,Jean-Paul Duminy,0,0,0,0,0,0,Shikhar Dhawan,caught
1122286,1,India,South Africa,5,3,Virat Kohli,Jean-Paul Duminy,0,0,0,0,0,0,,
1122286,1,India,South Africa,5,4,Virat Kohli,Jean-Paul Duminy,0,0,0,0,1,0,,
1122286,1,India,South Africa,5,5,Suresh Raina,Jean-Paul Duminy,0,0,0,0,0,0,,
1122286,1,India,South Africa,5,6,Suresh Raina,Jean-Paul Duminy,0,0,0,0,0,0,,
1122286,1,India,South Africa,6,1,Virat Kohli,Junior Dala,0,0,0,0,0,0,,
1122286,1,India,South Africa,6,2,Virat Kohli,Junior Dala,0,0,0,0,0,0,,
1122286,1,India,South Africa,6,3,Virat Kohli,Junior Dala,0,0,0,0,0,0,Virat Kohli,caught
1122286,1,India,South Africa,6,4,Manish Pandey,Junior Dala,0,0,0,0,0,0,,
1122286,1,India,South Africa,6,5,Manish Pandey,Junior Dala,0,0,0,0,0,0,,
1122286,1,India,South Africa,6,6,Manish Pandey,Junior Dala,0,0,0,0,0,0,,
1122286,1,India,South Africa,7,1,Suresh Raina,Jean-Paul Duminy,0,0,0,0,1,0,,
1122286,1,India,South Africa,7,2,Manish Pandey,Jean-Paul Duminy,0,0,0,0,1,0,,
1122286,1,India,South Africa,7,3,Suresh Raina,Jean-Paul Duminy,0,0,0,0,1,0,,
1122286,1,India,South Africa,7,4,Manish Pandey,Jean-Paul Duminy,0,0,0,0,1,0,,
1122286,1,India,South Africa,7,5,Suresh Raina,Jean-Paul Duminy,0,0,0,0,1,0,,
1122286,1,India,South Africa,7,6,Manish Pandey,Jean-Paul Duminy,1,0,0,0,1,1,,
1122286,1,India,South Africa,7,7,Manish Pandey,Jean-Paul Duminy,0,0,0,0,2,0,,
1122286,1,India,South Africa,8,1,Suresh Raina,Tabraiz Shamsi,0,0,0,0,1,0,,
1122286,1,India,South Africa,8,2,Manish Pandey,Tabraiz Shamsi,0,0,0,0,2,0,,
1122286,1,India,South Africa,8,3,Manish Pandey,Tabraiz Shamsi,0,0,0,0,1,0,,
1122286,1,India,South Africa,8,4,Suresh Raina,Tabraiz Shamsi,0,0,0,0,0,0,,
1122286,1,India,South Africa,8,5,Suresh Raina,Tabraiz Shamsi,0,0,0,0,1,0,,
1122286,1,India,South Africa,8,6,Manish Pandey,Tabraiz Shamsi,0,0,0,0,0,0,,
1122286,1,India,South Africa,9,1,Suresh Raina,Dane Paterson,0,0,0,0,1,0,,
1122286,1,India,South Africa,9,2,Manish Pandey,Dane Paterson,0,0,0,0,0,0,,
1122286,1,India,South Africa,9,3,Manish Pandey,Dane Paterson,0,0,0,0,1,0,,
1122286,1,India,South Africa,9,4,Suresh Raina,Dane Paterson,0,0,0,0,1,0,,
1122286,1,India,South Africa,9,5,Manish Pandey,Dane Paterson,0,0,0,0,4,0,,
1122286,1,India,South Africa,9,6,Manish Pandey,Dane Paterson,0,0,0,0,1,0,,
1122286,1,India,South Africa,10,1,Manish Pandey,Tabraiz Shamsi,0,0,0,0,4,0,,
1122286,1,India,South Africa,10,2,Manish Pandey,Tabraiz Shamsi,0,0,0,0,2,0,,
1122286,1,India,South Africa,10,3,Manish Pandey,Tabraiz Shamsi,0,0,0,0,0,0,,
1122286,1,India,South Africa,10,4,Manish Pandey,Tabraiz Shamsi,0,0,0,0,6,0,,
1122286,1,India,South Africa,10,5,Manish Pandey,Tabraiz Shamsi,0,0,0,0,6,0,,
1122286,1,India,South Africa,10,6,Manish Pandey,Tabraiz Shamsi,0,0,0,0,1,0,,
1122286,1,India,South Africa,11,1,Manish Pandey,Andile Phehlukwayo,0,0,0,0,1,0,,
1122286,1,India,South Africa,11,2,Suresh Raina,Andile Phehlukwayo,0,0,0,0,0,0,,
1122286,1,India,South Africa,11,3,Suresh Raina,Andile Phehlukwayo,0,0,0,0,4,0,,
1122286,1,India,South Africa,11,4,Suresh Raina,Andile Phehlukwayo,0,0,0,0,0,0,Suresh Raina,leg before wicket
1122286,1,India,South Africa,11,5,MS Dhoni,Andile Phehlukwayo,0,0,0,0,0,0,,
1122286,1,India,South Africa,11,6,MS Dhoni,Andile Phehlukwayo,0,0,0,0,2,0,,
1122286,1,India,South Africa,12,1,Manish Pandey,JJ Smuts,0,0,0,0,0,0,,
1122286,1,India,South Africa,12,2,Manish Pandey,JJ Smuts,0,0,0,0,1,0,,
1122286,1,India,South Africa,12,3,MS Dhoni,JJ Smuts,0,0,0,0,0,0,,
1122286,1,India,South Africa,12,4,MS Dhoni,JJ Smuts,0,0,0,0,1,0,,
1122286,1,India,South Africa,12,5,Manish Pandey,JJ Smuts,0,0,0,0,2,0,,
1122286,1,India,South Africa,12,6,Manish Pandey,JJ Smuts,0,0,0,0,1,0,,
1122286,1,India,South Africa,13,1,Manish Pandey,Junior Dala,0,0,0,0,0,0,,
1122286,1,India,South Africa,13,2,Manish Pandey,Junior Dala,0,0,0,0,4,0,,
1122286,1,India,South Africa,13,3,Manish Pandey,Junior Dala,0,0,0,0,4,0,,
1122286,1,India,South Africa,13,4,Manish Pandey,Junior Dala,0,0,0,0,1,0,,
1122286,1,India,South Africa,13,5,MS Dhoni,Junior Dala,0,0,0,0,0,0,,
1122286,1,India,South Africa,13,6,MS Dhoni,Junior Dala,0,0,0,0,0,0,,
1122286,1,India,South Africa,14,1,Manish Pandey,JJ Smuts,0,0,0,0,1,0,,
1122286,1,India,South Africa,14,2,MS Dhoni,JJ Smuts,0,0,0,0,6,0,,
1122286,1,India,South Africa,14,3,MS Dhoni,JJ Smuts,0,0,0,0,1,0,,
1122286,1,India,South Africa,14,4,Manish Pandey,JJ Smuts,0,0,0,0,0,0,,
1122286,1,India,South Africa,14,5,Manish Pandey,JJ Smuts,0,0,0,0,1,0,,
1122286,1,India,South Africa,14,6,MS Dhoni,JJ Smuts,0,0,0,0,1,0,,
1122286,1,India,South Africa,15,1,MS Dhoni,Andile Phehlukwayo,0,0,0,0,2,0,,
1122286,1,India,South Africa,15,2,MS Dhoni,Andile Phehlukwayo,0,0,0,0,2,0,,
1122286,1,India,South Africa,15,3,MS Dhoni,Andile Phehlukwayo,0,0,0,0,1,0,,
1122286,1,India,South Africa,15,4,Manish Pandey,Andile Phehlukwayo,0,0,0,0,1,0,,
1122286,1,India,South Africa,15,5,MS Dhoni,Andile Phehlukwayo,0,0,0,0,1,0,,
1122286,1,India,South Africa,15,6,Manish Pandey,Andile Phehlukwayo,0,0,0,0,1,0,,
1122286,1,India,South Africa,16,1,Manish Pandey,Chris Morris,0,0,0,0,6,0,,
1122286,1,India,South Africa,16,2,Manish Pandey,Chris Morris,0,0,0,0,0,0,,
1122286,1,India,South Africa,16,3,Manish Pandey,Chris Morris,0,0,0,0,1,0,,
1122286,1,India,South Africa,16,4,MS Dhoni,Chris Morris,0,0,0,0,0,0,,
1122286,1,India,South Africa,16,5,MS Dhoni,Chris Morris,0,0,0,0,1,0,,
1122286,1,India,South Africa,16,6,Manish Pandey,Chris Morris,0,0,0,0,1,0,,
1122286,1,India,South Africa,17,1,Manish Pandey,Dane Paterson,0,0,0,0,5,0,,
1122286,1,India,South Africa,17,2,MS Dhoni,Dane Paterson,0,0,0,0,4,0,,
1122286,1,India,South Africa,17,3,MS Dhoni,Dane Paterson,0,0,0,0,1,0,,
1122286,1,India,South Africa,17,4,Manish Pandey,Dane Paterson,0,0,0,0,1,0,,
1122286,1,India,South Africa,17,5,MS Dhoni,Dane Paterson,0,0,0,0,1,0,,
1122286,1,India,South Africa,17,6,Manish Pandey,Dane Paterson,0,0,0,0,1,0,,
1122286,1,India,South Africa,18,1,Manish Pandey,Junior Dala,0,0,0,0,2,0,,
1122286,1,India,South Africa,18,2,Manish Pandey,Junior Dala,0,0,0,0,4,0,,
1122286,1,India,South Africa,18,3,Manish Pandey,Junior Dala,0,0,0,0,0,0,,
1122286,1,India,South Africa,18,4,Manish Pandey,Junior Dala,0,0,0,0,4,0,,
1122286,1,India,South Africa,18,5,Manish Pandey,Junior Dala,0,0,0,0,1,0,,
1122286,1,India,South Africa,18,6,MS Dhoni,Junior Dala,0,0,0,0,0,0,,
1122286,1,India,South Africa,19,1,Manish Pandey,Chris Morris,0,0,0,0,1,0,,
1122286,1,India,South Africa,19,2,MS Dhoni,Chris Morris,0,0,0,0,4,0,,
1122286,1,India,South Africa,19,3,MS Dhoni,Chris Morris,0,0,0,0,1,0,,
1122286,1,India,South Africa,19,4,Manish Pandey,Chris Morris,0,0,0,0,1,0,,
1122286,1,India,South Africa,19,5,MS Dhoni,Chris Morris,0,0,0,0,6,0,,
1122286,1,India,South Africa,19,6,MS Dhoni,Chris Morris,0,0,0,0,0,0,,
1122286,1,India,South Africa,20,1,Manish Pandey,Dane Paterson,0,0,0,0,1,0,,
1122286,1,India,South Africa,20,2,MS Dhoni,Dane Paterson,0,0,0,0,6,0,,
1122286,1,India,South Africa,20,3,MS Dhoni,Dane Paterson,0,0,0,0,4,0,,
1122286,1,India,South Africa,20,4,MS Dhoni,Dane Paterson,0,0,0,0,4,0,,
1122286,1,India,South Africa,20,5,MS Dhoni,Dane Paterson,0,0,0,0,2,0,,
1122286,1,India,South Africa,20,6,MS Dhoni,Dane Paterson,0,0,0,0,1,0,,
1122286,2,South Africa,India,1,1,Reeza Hendricks,Bhuvneshwar Kumar,0,0,0,0,0,0,,
1122286,2,South Africa,India,1,2,Reeza Hendricks,Bhuvneshwar Kumar,0,0,0,0,0,0,,
1122286,2,South Africa,India,1,3,Reeza Hendricks,Bhuvneshwar Kumar,0,0,0,0,0,0,,
1122286,2,South Africa,India,1,4,Reeza Hendricks,Bhuvneshwar Kumar,0,0,0,0,0,0,,
1122286,2,South Africa,India,1,5,Reeza Hendricks,Bhuvneshwar Kumar,0,0,0,0,1,0,,
1122286,2,South Africa,India,1,6,JJ Smuts,Bhuvneshwar Kumar,0,0,0,0,0,0,,
1122286,2,South Africa,India,2,1,Reeza Hendricks,Shardul Thakur,0,0,0,0,1,0,,
1122286,2,South Africa,India,2,2,JJ Smuts,Shardul Thakur,0,0,0,0,0,0,,
1122286,2,South Africa,India,2,3,JJ Smuts,Shardul Thakur,0,0,0,0,1,0,,
1122286,2,South Africa,India,2,4,Reeza Hendricks,Shardul Thakur,0,0,0,0,1,0,,
1122286,2,South Africa,India,2,5,JJ Smuts,Shardul Thakur,0,0,0,0,0,0,,
1122286,2,South Africa,India,2,6,JJ Smuts,Shardul Thakur,0,0,0,0,0,0,,
1122286,2,South Africa,India,3,1,Reeza Hendricks,Bhuvneshwar Kumar,0,0,0,0,4,0,,
1122286,2,South Africa,India,3,2,Reeza Hendricks,Bhuvneshwar Kumar,0,0,0,0,1,0,,
1122286,2,South Africa,India,3,3,JJ Smuts,Bhuvneshwar Kumar,0,0,0,0,1,0,,
1122286,2,South Africa,India,3,4,Reeza Hendricks,Bhuvneshwar Kumar,0,0,0,0,4,0,,
1122286,2,South Africa,India,3,5,Reeza Hendricks,Bhuvneshwar Kumar,0,0,0,0,1,0,,
1122286,2,South Africa,India,3,6,JJ Smuts,Bhuvneshwar Kumar,0,0,0,0,0,0,,
1122286,2,South Africa,India,4,1,Reeza Hendricks,Jaydev Unadkat,0,0,0,0,4,0,,
1122286,2,South Africa,India,4,2,Reeza Hendricks,Jaydev Unadkat,0,0,0,0,4,0,,
1122286,2,South Africa,India,4,3,Reeza Hendricks,Jaydev Unadkat,0,0,0,0,1,0,,
1122286,2,South Africa,India,4,4,JJ Smuts,Jaydev Unadkat,0,0,0,0,0,0,,
1122286,2,South Africa,India,4,5,JJ Smuts,Jaydev Unadkat,0,0,0,0,0,0,JJ Smuts,caught
1122286,2,South Africa,India,4,6,Reeza Hendricks,Jaydev Unadkat,0,0,0,0,0,0,,
1122286,2,South Africa,India,5,1,Jean-Paul Duminy,Shardul Thakur,0,0,0,0,4,0,,
1122286,2,South Africa,India,5,2,Jean-Paul Duminy,Shardul Thakur,0,0,0,0,2,0,,
1122286,2,South Africa,India,5,3,Jean-Paul Duminy,Shardul Thakur,0,0,0,0,2,0,,
1122286,2,South Africa,India,5,4,Jean-Paul Duminy,Shardul Thakur,0,0,0,0,1,0,,
1122286,2,South Africa,India,5,5,Reeza Hendricks,Shardul Thakur,0,0,0,0,4,0,,
1122286,2,South Africa,India,5,6,Reeza Hendricks,Shardul Thakur,1,0,0,0,1,1,,
1122286,2,South Africa,India,5,7,Reeza Hendricks,Shardul Thakur,0,0,0,0,0,0,Reeza Hendricks,caught
1122286,2,South Africa,India,6,1,Heinrich Klaasen,Jaydev Unadkat,0,0,0,0,0,0,,
1122286,2,South Africa,India,6,2,Heinrich Klaasen,Jaydev Unadkat,0,0,0,0,6,0,,
1122286,2,South Africa,India,6,3,Heinrich Klaasen,Jaydev Unadkat,0,0,0,0,0,0,,
1122286,2,South Africa,India,6,4,Heinrich Klaasen,Jaydev Unadkat,0,0,0,0,0,0,,
1122286,2,South Africa,India,6,5,Heinrich Klaasen,Jaydev Unadkat,0,0,0,0,6,0,,
1122286,2,South Africa,India,6,6,Heinrich Klaasen,Jaydev Unadkat,0,0,0,0,0,0,,
1122286,2,South Africa,India,7,1,Jean-Paul Duminy,Hardik Pandya,0,0,0,0,4,0,,
1122286,2,South Africa,India,7,2,Jean-Paul Duminy,Hardik Pandya,0,0,0,0,0,0,,
1122286,2,South Africa,India,7,3,Jean-Paul Duminy,Hardik Pandya,0,0,0,0,1,0,,
1122286,2,South Africa,India,7,4,Heinrich Klaasen,Hardik Pandya,0,0,0,0,1,0,,
1122286,2,South Africa,India,7,5,Jean-Paul Duminy,Hardik Pandya,0,0,1,0,1,1,,
1122286,2,South Africa,India,7,6,Heinrich Klaasen,Hardik Pandya,0,0,0,0,1,0,,
1122286,2,South Africa,India,8,1,Heinrich Klaasen,Yuzvendra Chahal,0,0,0,0,1,0,,
1122286,2,South Africa,India,8,2,Jean-Paul Duminy,Yuzvendra Chahal,0,0,0,0,1,0,,
1122286,2,South Africa,India,8,3,Heinrich Klaasen,Yuzvendra Chahal,0,0,0,0,6,0,,
1122286,2,South Africa,India,8,4,Heinrich Klaasen,Yuzvendra Chahal,0,0,0,0,2,0,,
1122286,2,South Africa,India,8,5,Heinrich Klaasen,Yuzvendra Chahal,0,0,0,0,1,0,,
1122286,2,South Africa,India,8,6,Jean-Paul Duminy,Yuzvendra Chahal,0,0,0,0,1,0,,
1122286,2,South Africa,India,9,1,Jean-Paul Duminy,Hardik Pandya,0,0,0,0,1,0,,
1122286,2,South Africa,India,9,2,Heinrich Klaasen,Hardik Pandya,1,0,0,0,1,1,,
1122286,2,South Africa,India,9,3,Heinrich Klaasen,Hardik Pandya,0,0,0,0,1,0,,
1122286,2,South Africa,India,9,4,Jean-Paul Duminy,Hardik Pandya,0,0,0,0,0,0,,
1122286,2,South Africa,India,9,5,Jean-Paul Duminy,Hardik Pandya,0,0,0,0,1,0,,
1122286,2,South Africa,India,9,6,Heinrich Klaasen,Hardik Pandya,0,0,0,0,2,0,,
1122286,2,South Africa,India,9,7,Heinrich Klaasen,Hardik Pandya,0,0,0,0,4,0,,
1122286,2,South Africa,India,10,1,Jean-Paul Duminy,Shardul Thakur,0,0,0,0,0,0,,
1122286,2,South Africa,India,10,2,Jean-Paul Duminy,Shardul Thakur,0,0,0,0,0,0,,
1122286,2,South Africa,India,10,3,Jean-Paul Duminy,Shardul Thakur,0,0,0,0,1,0,,
1122286,2,South Africa,India,10,4,Heinrich Klaasen,Shardul Thakur,0,0,0,0,1,0,,
1122286,2,South Africa,India,10,5,Jean-Paul Duminy,Shardul Thakur,0,0,0,0,1,0,,
1122286,2,South Africa,India,10,6,Heinrich Klaasen,Shardul Thakur,0,0,0,0,1,0,,
1122286,2,South Africa,India,11,1,Heinrich Klaasen,Yuzvendra Chahal,0,0,0,0,6,0,,
1122286,2,South Africa,India,11,2,Heinrich Klaasen,Yuzvendra Chahal,0,0,0,0,1,0,,
1122286,2,South Africa,India,11,3,Jean-Paul Duminy,Yuzvendra Chahal,0,0,0,0,1,0,,
1122286,2,South Africa,India,11,4,Heinrich Klaasen,Yuzvendra Chahal,0,0,0,0,6,0,,
1122286,2,South Africa,India,11,5,Heinrich Klaasen,Yuzvendra Chahal,0,0,0,0,1,0,,
1122286,2,South Africa,India,11,6,Jean-Paul Duminy,Yuzvendra Chahal,0,0,0,0,1,0,,
1122286,2,South Africa,India,12,1,Jean-Paul Duminy,Hardik Pandya,0,0,0,0,1,0,,
1122286,2,South Africa,India,12,2,Heinrich Klaasen,Hardik Pandya,0,0,0,0,4,0,,
1122286,2,South Africa,India,12,3,Heinrich Klaasen,Hardik Pandya,0,0,0,0,0,0,,
1122286,2,South Africa,India,12,4,Heinrich Klaasen,Hardik Pandya,0,0,0,0,0,0,,
1122286,2,South Africa,India,12,5,Heinrich Klaasen,Hardik Pandya,0,0,0,0,1,0,,
1122286,2,South Africa,India,12,6,Jean-Paul Duminy,Hardik Pandya,0,0,0,0,2,0,,
1122286,2,South Africa,India,13,1,Heinrich Klaasen,Yuzvendra Chahal,0,0,0,0,6,0,,
1122286,2,South Africa,India,13,2,Heinrich Klaasen,Yuzvendra Chahal,0,0,0,0,6,0,,
1122286,2,South Africa,India,13,3,Heinrich Klaasen,Yuzvendra Chahal,0,0,0,0,4,0,,
1122286,2,South Africa,India,13,4,Heinrich Klaasen,Yuzvendra Chahal,0,0,0,0,1,0,,
1122286,2,South Africa,India,13,5,Jean-Paul Duminy,Yuzvendra Chahal,0,0,0,0,0,0,,
1122286,2,South Africa,India,13,6,Jean-Paul Duminy,Yuzvendra Chahal,0,0,0,0,6,0,,
1122286,2,South Africa,India,14,1,Heinrich Klaasen,Jaydev Unadkat,0,0,0,0,0,0,Heinrich Klaasen,caught
1122286,2,South Africa,India,14,2,David Miller,Jaydev Unadkat,0,0,0,0,0,0,,
1122286,2,South Africa,India,14,3,David Miller,Jaydev Unadkat,0,0,0,0,1,0,,
1122286,2,South Africa,India,14,4,Jean-Paul Duminy,Jaydev Unadkat,0,0,0,0,1,0,,
1122286,2,South Africa,India,14,5,David Miller,Jaydev Unadkat,1,0,0,0,1,1,,
1122286,2,South Africa,India,14,6,David Miller,Jaydev Unadkat,0,0,0,0,1,0,,
1122286,2,South Africa,India,14,7,Jean-Paul Duminy,Jaydev Unadkat,0,0,0,0,1,0,,
1122286,2,South Africa,India,15,1,Jean-Paul Duminy,Hardik Pandya,0,0,0,0,1,0,,
1122286,2,South Africa,India,15,2,David Miller,Hardik Pandya,0,0,0,0,1,0,,
1122286,2,South Africa,India,15,3,Jean-Paul Duminy,Hardik Pandya,0,0,0,0,1,0,,
1122286,2,South Africa,India,15,4,David Miller,Hardik Pandya,0,0,0,0,2,0,,
1122286,2,South Africa,India,15,5,David Miller,Hardik Pandya,0,0,0,0,0,0,David Miller,caught
1122286,2,South Africa,India,15,6,Jean-Paul Duminy,Hardik Pandya,0,0,0,0,1,0,,
1122286,2,South Africa,India,16,1,Jean-Paul Duminy,Yuzvendra Chahal,0,0,0,0,4,0,,
1122286,2,South Africa,India,16,2,Jean-Paul Duminy,Yuzvendra Chahal,0,0,1,0,1,1,,
1122286,2,South Africa,India,16,3,Farhaan Behardien,Yuzvendra Chahal,0,0,0,0,0,0,,
1122286,2,South Africa,India,16,4,Farhaan Behardien,Yuzvendra Chahal,0,0,0,0,6,0,,
1122286,2,South Africa,India,16,5,Farhaan Behardien,Yuzvendra Chahal,0,0,0,0,0,0,,
1122286,2,South Africa,India,16,6,Farhaan Behardien,Yuzvendra Chahal,1,0,0,0,1,1,,
1122286,2,South Africa,India,16,7,Farhaan Behardien,Yuzvendra Chahal,0,0,0,0,2,0,,
1122286,2,South Africa,India,17,1,Jean-Paul Duminy,Bhuvneshwar Kumar,0,0,0,0,2,0,,
1122286,2,South Africa,India,17,2,Jean-Paul Duminy,Bhuvneshwar Kumar,0,0,0,0,1,0,,
1122286,2,South Africa,India,17,3,Farhaan Behardien,Bhuvneshwar Kumar,0,0,0,0,1,0,,
1122286,2,South Africa,India,17,4,Jean-Paul Duminy,Bhuvneshwar Kumar,0,0,0,0,2,0,,
1122286,2,South Africa,India,17,5,Jean-Paul Duminy,Bhuvneshwar Kumar,0,0,0,0,0,0,,
1122286,2,South Africa,India,17,6,Jean-Paul Duminy,Bhuvneshwar Kumar,0,0,0,0,1,0,,
1122286,2,South Africa,India,18,1,Jean-Paul Duminy,Shardul Thakur,0,0,0,0,1,0,,
1122286,2,South Africa,India,18,2,Farhaan Behardien,Shardul Thakur,0,0,0,0,2,0,,
1122286,2,South Africa,India,18,3,Farhaan Behardien,Shardul Thakur,0,0,0,0,1,0,,
1122286,2,South Africa,India,18,4,Jean-Paul Duminy,Shardul Thakur,0,0,0,0,1,0,,
1122286,2,South Africa,India,18,5,Farhaan Behardien,Shardul Thakur,0,0,0,0,1,0,,
1122286,2,South Africa,India,18,6,Jean-Paul Duminy,Shardul Thakur,0,0,0,0,4,0,,
1122286,2,South Africa,India,19,1,Farhaan Behardien,Jaydev Unadkat,0,0,0,0,2,0,,
1122286,2,South Africa,India,19,2,Farhaan Behardien,Jaydev Unadkat,1,0,0,0,1,1,,
1122286,2,South Africa,India,19,3,Farhaan Behardien,Jaydev Unadkat,0,0,0,0,1,0,,
1122286,2,South Africa,India,19,4,Jean-Paul Duminy,Jaydev Unadkat,0,0,0,0,6,0,,
1122286,2,South Africa,India,19,5,Jean-Paul Duminy,Jaydev Unadkat,0,0,0,0,6,0,,
1122287,1,India,South Africa,1,1,Rohit Sharma,Chris Morris,0,0,0,1,3,1,,
1122287,1,India,South Africa,1,2,Rohit Sharma,Chris Morris,0,0,0,0,1,0,,
1122287,1,India,South Africa,1,3,Shikhar Dhawan,Chris Morris,0,0,0,0,1,0,,
1122287,1,India,South Africa,1,4,Rohit Sharma,Chris Morris,0,0,0,0,0,0,,
1122287,1,India,South Africa,1,5,Rohit Sharma,Chris Morris,0,0,0,0,0,0,,
1122287,1,India,South Africa,1,6,Rohit Sharma,Chris Morris,0,0,0,0,4,0,,
1122287,1,India,South Africa,1,7,Rohit Sharma,Chris Morris,0,0,0,0,4,0,,
1122287,1,India,South Africa,2,1,Shikhar Dhawan,Junior Dala,0,0,0,0,1,0,,
1122287,1,India,South Africa,2,2,Rohit Sharma,Junior Dala,0,0,0,0,0,0,,
1122287,1,India,South Africa,2,3,Rohit Sharma,Junior Dala,0,0,0,0,0,0,Rohit Sharma,leg before wicket
1122287,1,India,South Africa,2,4,Suresh Raina,Junior Dala,0,0,0,0,6,0,,
1122287,1,India,South Africa,2,5,Suresh Raina,Junior Dala,0,0,0,0,2,0,,
1122287,1,India,South Africa,2,6,Suresh Raina,Junior Dala,0,0,0,0,0,0,,
1122287,1,India,South Africa,3,1,Shikhar Dhawan,Jean-Paul Duminy,0,0,0,0,1,0,,
1122287,1,India,South Africa,3,2,Suresh Raina,Jean-Paul Duminy,0,0,0,0,4,0,,
1122287,1,India,South Africa,3,3,Suresh Raina,Jean-Paul Duminy,0,0,0,0,1,0,,
1122287,1,India,South Africa,3,4,Shikhar Dhawan,Jean-Paul Duminy,0,0,0,0,0,0,,
1122287,1,India,South Africa,3,5,Shikhar Dhawan,Jean-Paul Duminy,0,0,0,0,1,0,,
1122287,1,India,South Africa,3,6,Suresh Raina,Jean-Paul Duminy,0,0,1,0,1,1,,
1122287,1,India,South Africa,4,1,Suresh Raina,Junior Dala,0,0,0,0,0,0,,
1122287,1,India,South Africa,4,2,Suresh Raina,Junior Dala,0,0,0,0,1,0,,
1122287,1,India,South Africa,4,3,Shikhar Dhawan,Junior Dala,0,0,0,0,0,0,,
1122287,1,India,South Africa,4,4,Shikhar Dhawan,Junior Dala,0,0,0,0,2,0,,
1122287,1,India,South Africa,4,5,Shikhar Dhawan,Junior Dala,0,0,0,0,2,0,,
1122287,1,India,South Africa,4,6,Shikhar Dhawan,Junior Dala,0,0,0,0,0,0,,
1122287,1,India,South Africa,5,1,Suresh Raina,Andile Phehlukwayo,0,0,0,0,4,0,,
1122287,1,India,South Africa,5,2,Suresh Raina,Andile Phehlukwayo,0,0,0,0,4,0,,
1122287,1,India,South Africa,5,3,Suresh Raina,Andile Phehlukwayo,0,0,0,0,1,0,,
1122287,1,India,South Africa,5,4,Shikhar Dhawan,Andile Phehlukwayo,0,0,0,0,1,0,,
1122287,1,India,South Africa,5,5,Suresh Raina,Andile Phehlukwayo,1,0,0,0,1,1,,
1122287,1,India,South Africa,5,6,Suresh Raina,Andile Phehlukwayo,0,0,0,0,0,0,,
1122287,1,India,South Africa,5,7,Suresh Raina,Andile Phehlukwayo,0,0,0,0,1,0,,
1122287,1,India,South Africa,6,1,Suresh Raina,Chris Morris,0,0,0,0,2,0,,
1122287,1,India,South Africa,6,2,Suresh Raina,Chris Morris,0,0,0,0,4,0,,
1122287,1,India,South Africa,6,3,Suresh Raina,Chris Morris,0,0,0,0,1,0,,
1122287,1,India,South Africa,6,4,Shikhar Dhawan,Chris Morris,0,0,0,0,1,0,,
1122287,1,India,South Africa,6,5,Suresh Raina,Chris Morris,0,0,0,0,1,0,,
1122287,1,India,South Africa,6,6,Shikhar Dhawan,Chris Morris,0,0,0,0,1,0,,
1122287,1,India,South Africa,7,1,Shikhar Dhawan,Jean-Paul Duminy,0,0,0,0,0,0,,
1122287,1,India,South Africa,7,2,Shikhar Dhawan,Jean-Paul Duminy,0,0,0,0,1,0,,
1122287,1,India,South Africa,7,3,Suresh Raina,Jean-Paul Duminy,0,0,0,0,1,0,,
1122287,1,India,South Africa,7,4,Shikhar Dhawan,Jean-Paul Duminy,0,0,0,0,0,0,,
1122287,1,India,South Africa,7,5,Shikhar Dhawan,Jean-Paul Duminy,0,0,0,0,2,0,,
1122287,1,India,South Africa,7,6,Shikhar Dhawan,Jean-Paul Duminy,0,0,0,0,1,0,,
1122287,1,India,South Africa,8,1,Shikhar Dhawan,Tabraiz Shamsi,0,0,0,0,1,0,,
1122287,1,India,South Africa,8,2,Suresh Raina,Tabraiz Shamsi,0,0,0,0,0,0,,
1122287,1,India,South Africa,8,3,Suresh Raina,Tabraiz Shamsi,0,0,0,0,0,0,,
1122287,1,India,South Africa,8,4,Suresh Raina,Tabraiz Shamsi,0,0,0,0,1,0,,
1122287,1,India,South Africa,8,5,Shikhar Dhawan,Tabraiz Shamsi,0,0,0,0,0,0,,
1122287,1,India,South Africa,8,6,Shikhar Dhawan,Tabraiz Shamsi,0,0,0,0,1,0,,
1122287,1,India,South Africa,9,1,Shikhar Dhawan,Jean-Paul Duminy,0,0,0,0,1,0,,
1122287,1,India,South Africa,9,2,Suresh Raina,Jean-Paul Duminy,0,0,0,0,1,0,,
1122287,1,India,South Africa,9,3,Shikhar Dhawan,Jean-Paul Duminy,0,0,0,0,1,0,,
1122287,1,India,South Africa,9,4,Suresh Raina,Jean-Paul Duminy,0,0,0,0,4,0,,
1122287,1,India,South Africa,9,5,Suresh Raina,Jean-Paul Duminy,0,0,0,0,2,0,,
1122287,1,India,South Africa,9,6,Suresh Raina,Jean-Paul Duminy,0,0,0,0,1,0,,
1122287,1,India,South Africa,10,1,Suresh Raina,Tabraiz Shamsi,0,0,0,0,1,0,,
1122287,1,India,South Africa,10,2,Shikhar Dhawan,Tabraiz Shamsi,0,0,0,0,2,0,,
1122287,1,India,South Africa,10,3,Shikhar Dhawan,Tabraiz Shamsi,0,0,0,0,1,0,,
1122287,1,India,South Africa,10,4,Suresh Raina,Tabraiz Shamsi,0,0,0,0,0,0,Suresh Raina,caught
1122287,1,India,South Africa,10,5,Manish Pandey,Tabraiz Shamsi,0,0,0,0,1,0,,
1122287,1,India,South Africa,10,6,Shikhar Dhawan,Tabraiz Shamsi,0,0,0,0,1,0,,
1122287,1,India,South Africa,11,1,Shikhar Dhawan,Aaron Phangiso,0,0,0,0,1,0,,
1122287,1,India,South Africa,11,2,Manish Pandey,Aaron Phangiso,0,0,0,0,1,0,,
1122287,1,India,South Africa,11,3,Shikhar Dhawan,Aaron Phangiso,0,0,0,0,0,0,,
1122287,1,India,South Africa,11,4,Shikhar Dhawan,Aaron Phangiso,0,0,0,0,1,0,,
1122287,1,India,South Africa,11,5,Manish Pandey,Aaron Phangiso,0,0,0,0,0,0,,
1122287,1,India,South Africa,11,6,Manish Pandey,Aaron Phangiso,0,0,0,0,1,0,,
1122287,1,India,South Africa,12,1,Manish Pandey,Tabraiz Shamsi,0,0,0,0,6,0,,
1122287,1,India,South Africa,12,2,Manish Pandey,Tabraiz Shamsi,0,0,0,0,1,0,,
1122287,1,India,South Africa,12,3,Shikhar Dhawan,Tabraiz Shamsi,0,0,0,0,4,0,,
1122287,1,India,South Africa,12,4,Shikhar Dhawan,Tabraiz Shamsi,0,0,0,0,1,0,,
1122287,1,India,South Africa,12,5,Manish Pandey,Tabraiz Shamsi,0,0,0,0,1,0,,
1122287,1,India,South Africa,12,6,Shikhar Dhawan,Tabraiz Shamsi,0,0,0,0,4,0,,
1122287,1,India,South Africa,13,1,Manish Pandey,Aaron Phangiso,0,0,0,0,1,0,,
1122287,1,India,South Africa,13,2,Shikhar Dhawan,Aaron Phangiso,0,0,0,0,0,0,,
1122287,1,India,South Africa,13,3,Shikhar Dhawan,Aaron Phangiso,0,0,0,0,2,0,,
1122287,1,India,South Africa,13,4,Shikhar Dhawan,Aaron Phangiso,0,0,0,0,4,0,,
1122287,1,India,South Africa,13,5,Shikhar Dhawan,Aaron Phangiso,0,0,0,0,1,0,,
1122287,1,India,South Africa,13,6,Manish Pandey,Aaron Phangiso,0,0,0,0,1,0,,
1122287,1,India,South Africa,14,1,Manish Pandey,Junior Dala,0,0,0,0,0,0,Manish Pandey,caught
1122287,1,India,South Africa,14,2,Shikhar Dhawan,Junior Dala,0,0,0,0,2,0,,
1122287,1,India,South Africa,14,3,Shikhar Dhawan,Junior Dala,0,0,0,0,1,0,,
1122287,1,India,South Africa,14,4,Hardik Pandya,Junior Dala,0,0,0,0,1,0,,
1122287,1,India,South Africa,14,5,Shikhar Dhawan,Junior Dala,0,0,0,0,1,0,,
1122287,1,India,South Africa,14,6,Hardik Pandya,Junior Dala,0,0,0,0,1,0,,
1122287,1,India,South Africa,15,1,Hardik Pandya,Andile Phehlukwayo,1,0,0,0,1,1,,
1122287,1,India,South Africa,15,2,Hardik Pandya,Andile Phehlukwayo,0,0,0,0,2,0,,
1122287,1,India,South Africa,15,3,Hardik Pandya,Andile Phehlukwayo,0,0,0,0,2,0,,
1122287,1,India,South Africa,15,4,Hardik Pandya,Andile Phehlukwayo,0,0,0,0,0,0,,
1122287,1,India,South Africa,15,5,Hardik Pandya,Andile Phehlukwayo,0,0,0,0,0,0,,
1122287,1,India,South Africa,15,6,Hardik Pandya,Andile Phehlukwayo,0,0,0,0,1,0,,
1122287,1,India,South Africa,15,7,Shikhar Dhawan,Andile Phehlukwayo,1,0,0,0,1,1,,
1122287,1,India,South Africa,15,8,Shikhar Dhawan,Andile Phehlukwayo,0,0,0,0,1,0,,
1122287,1,India,South Africa,16,1,Shikhar Dhawan,Tabraiz Shamsi,0,0,0,0,1,0,Shikhar Dhawan,run out
1122287,1,India,South Africa,16,2,MS Dhoni,Tabraiz Shamsi,0,0,0,0,0,0,,
1122287,1,India,South Africa,16,3,MS Dhoni,Tabraiz Shamsi,0,0,0,0,1,0,,
1122287,1,India,South Africa,16,4,Hardik Pandya,Tabraiz Shamsi,0,0,0,0,1,0,,
1122287,1,India,South Africa,16,5,MS Dhoni,Tabraiz Shamsi,0,0,0,0,1,0,,
1122287,1,India,South Africa,16,6,Hardik Pandya,Tabraiz Shamsi,0,0,0,0,1,0,,
1122287,1,India,South Africa,17,1,Hardik Pandya,Andile Phehlukwayo,0,0,0,0,1,0,,
1122287,1,India,South Africa,17,2,MS Dhoni,Andile Phehlukwayo,0,0,0,0,1,0,,
1122287,1,India,South Africa,17,3,Hardik Pandya,Andile Phehlukwayo,0,0,0,0,2,0,,
1122287,1,India,South Africa,17,4,Hardik Pandya,Andile Phehlukwayo,0,0,0,0,0,0,,
1122287,1,India,South Africa,17,5,Hardik Pandya,Andile Phehlukwayo,0,0,0,0,1,0,,
1122287,1,India,South Africa,17,6,MS Dhoni,Andile Phehlukwayo,0,0,0,0,1,0,,
1122287,1,India,South Africa,18,1,MS Dhoni,Chris Morris,0,0,0,0,2,0,,
1122287,1,India,South Africa,18,2,MS Dhoni,Chris Morris,0,0,0,0,1,0,,
1122287,1,India,South Africa,18,3,Hardik Pandya,Chris Morris,0,0,0,0,6,0,,
1122287,1,India,South Africa,18,4,Hardik Pandya,Chris Morris,0,0,0,0,1,0,,
1122287,1,India,South Africa,18,5,MS Dhoni,Chris Morris,0,0,0,0,0,0,,
1122287,1,India,South Africa,18,6,MS Dhoni,Chris Morris,0,0,0,0,1,0,,
1122287,1,India,South Africa,19,1,MS Dhoni,Junior Dala,0,0,0,0,4,0,,
1122287,1,India,South Africa,19,2,MS Dhoni,Junior Dala,0,0,0,0,0,0,MS Dhoni,caught
1122287,1,India,South Africa,19,3,Hardik Pandya,Junior Dala,1,0,0,0,1,1,,
1122287,1,India,South Africa,19,4,Hardik Pandya,Junior Dala,0,0,0,0,1,0,,
1122287,1,India,South Africa,19,5,Dinesh Karthik,Junior Dala,0,0,0,0,4,0,,
1122287,1,India,South Africa,19,6,Dinesh Karthik,Junior Dala,0,0,0,0,4,0,,
1122287,1,India,South Africa,19,7,Dinesh Karthik,Junior Dala,0,0,0,0,1,0,,
1122287,1,India,South Africa,20,1,Dinesh Karthik,Chris Morris,0,0,1,0,1,1,,
1122287,1,India,South Africa,20,2,Hardik Pandya,Chris Morris,0,0,0,0,0,0,Hardik Pandya,caught
1122287,1,India,South Africa,20,3,Dinesh Karthik,Chris Morris,0,0,0,0,4,0,,
1122287,1,India,South Africa,20,4,Dinesh Karthik,Chris Morris,1,0,0,0,1,1,,
1122287,1,India,South Africa,20,5,Dinesh Karthik,Chris Morris,0,0,0,0,0,0,Dinesh Karthik,leg before wicket
1122287,1,India,South Africa,20,6,Bhuvneshwar Kumar,Chris Morris,0,0,0,0,3,0,,
1122287,1,India,South Africa,20,7,Axar Patel,Chris Morris,0,0,0,0,1,0,,
1122287,2,South Africa,India,1,1,Reeza Hendricks,Bhuvneshwar Kumar,0,0,0,0,0,0,,
1122287,2,South Africa,India,1,2,Reeza Hendricks,Bhuvneshwar Kumar,0,0,0,0,0,0,,
1122287,2,South Africa,India,1,3,Reeza Hendricks,Bhuvneshwar Kumar,0,0,0,0,0,0,,
1122287,2,South Africa,India,1,4,Reeza Hendricks,Bhuvneshwar Kumar,0,0,0,0,4,0,,
1122287,2,South Africa,India,1,5,Reeza Hendricks,Bhuvneshwar Kumar,0,0,0,0,0,0,,
1122287,2,South Africa,India,1,6,Reeza Hendricks,Bhuvneshwar Kumar,0,0,0,0,1,0,,
1122287,2,South Africa,India,2,1,Reeza Hendricks,Jasprit Bumrah,0,0,0,0,1,0,,
1122287,2,South Africa,India,2,2,David Miller,Jasprit Bumrah,0,0,0,0,0,0,,
1122287,2,South Africa,India,2,3,David Miller,Jasprit Bumrah,0,0,0,0,0,0,,
1122287,2,South Africa,India,2,4,David Miller,Jasprit Bumrah,0,0,0,0,1,0,,
1122287,2,South Africa,India,2,5,Reeza Hendricks,Jasprit Bumrah,0,0,0,0,0,0,,
1122287,2,South Africa,India,2,6,Reeza Hendricks,Jasprit Bumrah,0,0,1,0,1,1,,
1122287,2,South Africa,India,3,1,Reeza Hendricks,Bhuvneshwar Kumar,0,0,0,0,0,0,,
1122287,2,South Africa,India,3,2,Reeza Hendricks,Bhuvneshwar Kumar,0,0,0,0,1,0,,
1122287,2,South Africa,India,3,3,David Miller,Bhuvneshwar Kumar,0,0,0,0,1,0,,
1122287,2,South Africa,India,3,4,Reeza Hendricks,Bhuvneshwar Kumar,0,0,0,0,0,0,,
1122287,2,South Africa,India,3,5,Reeza Hendricks,Bhuvneshwar Kumar,0,0,0,0,0,0,Reeza Hendricks,caught
1122287,2,South Africa,India,3,6,David Miller,Bhuvneshwar Kumar,0,0,0,0,2,0,,
1122287,2,South Africa,India,4,1,Jean-Paul Duminy,Shardul Thakur,0,0,0,0,1,0,,
1122287,2,South Africa,India,4,2,David Miller,Shardul Thakur,0,0,0,0,4,0,,
1122287,2,South Africa,India,4,3,David Miller,Shardul Thakur,0,0,0,0,0,0,,
1122287,2,South Africa,India,4,4,David Miller,Shardul Thakur,0,0,0,0,1,0,,
1122287,2,South Africa,India,4,5,Jean-Paul Duminy,Shardul Thakur,0,0,0,0,0,0,,
1122287,2,South Africa,India,4,6,Jean-Paul Duminy,Shardul Thakur,0,0,0,0,0,0,,
1122287,2,South Africa,India,5,1,David Miller,Bhuvneshwar Kumar,0,0,0,0,1,0,,
1122287,2,South Africa,India,5,2,Jean-Paul Duminy,Bhuvneshwar Kumar,0,0,0,0,0,0,,
1122287,2,South Africa,India,5,3,Jean-Paul Duminy,Bhuvneshwar Kumar,0,0,0,0,1,0,,
1122287,2,South Africa,India,5,4,David Miller,Bhuvneshwar Kumar,0,0,0,0,0,0,,
1122287,2,South Africa,India,5,5,David Miller,Bhuvneshwar Kumar,0,0,0,0,1,0,,
1122287,2,South Africa,India,5,6,Jean-Paul Duminy,Bhuvneshwar Kumar,0,0,0,0,1,0,,
1122287,2,South Africa,India,6,1,Jean-Paul Duminy,Shardul Thakur,0,0,0,0,0,0,,
1122287,2,South Africa,India,6,2,Jean-Paul Duminy,Shardul Thakur,0,0,0,0,0,0,,
1122287,2,South Africa,India,6,3,Jean-Paul Duminy,Shardul Thakur,0,0,0,0,2,0,,
1122287,2,South Africa,India,6,4,Jean-Paul Duminy,Shardul Thakur,0,0,0,0,1,0,,
1122287,2,South Africa,India,6,5,David Miller,Shardul Thakur,0,0,0,0,0,0,,
1122287,2,South Africa,India,6,6,David Miller,Shardul Thakur,0,0,0,0,0,0,,
1122287,2,South Africa,India,7,1,Jean-Paul Duminy,Hardik Pandya,0,0,0,0,1,0,,
1122287,2,South Africa,India,7,2,David Miller,Hardik Pandya,0,0,0,0,1,0,,
1122287,2,South Africa,India,7,3,Jean-Paul Duminy,Hardik Pandya,0,0,0,0,0,0,,
1122287,2,South Africa,India,7,4,Jean-Paul Duminy,Hardik Pandya,0,0,0,0,2,0,,
1122287,2,South Africa,India,7,5,Jean-Paul Duminy,Hardik Pandya,0,0,0,0,0,0,,
1122287,2,South Africa,India,7,6,Jean-Paul Duminy,Hardik Pandya,0,0,0,0,1,0,,
1122287,2,South Africa,India,8,1,Jean-Paul Duminy,Suresh Raina,0,0,0,0,1,0,,
1122287,2,South Africa,India,8,2,David Miller,Suresh Raina,0,0,0,0,4,0,,
1122287,2,South Africa,India,8,3,David Miller,Suresh Raina,0,0,0,0,1,0,,
1122287,2,South Africa,India,8,4,Jean-Paul Duminy,Suresh Raina,0,0,0,0,1,0,,
1122287,2,South Africa,India,8,5,David Miller,Suresh Raina,0,0,0,0,0,0,,
1122287,2,South Africa,India,8,6,David Miller,Suresh Raina,0,0,0,0,1,0,,
1122287,2,South Africa,India,9,1,David Miller,Hardik Pandya,0,0,0,0,0,0,,
1122287,2,South Africa,India,9,2,David Miller,Hardik Pandya,0,0,0,0,6,0,,
1122287,2,South Africa,India,9,3,David Miller,Hardik Pandya,0,0,0,0,0,0,,
1122287,2,South Africa,India,9,4,David Miller,Hardik Pandya,0,1,0,0,1,1,,
1122287,2,South Africa,India,9,5,Jean-Paul Duminy,Hardik Pandya,0,0,0,0,0,0,,
1122287,2,South Africa,India,9,6,Jean-Paul Duminy,Hardik Pandya,0,0,0,0,0,0,,
1122287,2,South Africa,India,10,1,David Miller,Suresh Raina,0,0,0,0,0,0,David Miller,caught
1122287,2,South Africa,India,10,2,Jean-Paul Duminy,Suresh Raina,0,0,0,0,4,0,,
1122287,2,South Africa,India,10,3,Jean-Paul Duminy,Suresh Raina,0,0,0,0,1,0,,
1122287,2,South Africa,India,10,4,Heinrich Klaasen,Suresh Raina,0,0,0,0,1,0,,
1122287,2,South Africa,India,10,5,Jean-Paul Duminy,Suresh Raina,0,0,0,0,1,0,,
1122287,2,South Africa,India,10,6,Heinrich Klaasen,Suresh Raina,0,0,0,0,0,0,,
1122287,2,South Africa,India,11,1,Jean-Paul Duminy,Hardik Pandya,0,0,0,0,1,0,,
1122287,2,South Africa,India,11,2,Heinrich Klaasen,Hardik Pandya,0,0,0,0,0,0,,
1122287,2,South Africa,India,11,3,Heinrich Klaasen,Hardik Pandya,0,0,0,0,1,0,,
1122287,2,South Africa,India,11,4,Jean-Paul Duminy,Hardik Pandya,0,0,0,0,2,0,,
1122287,2,South Africa,India,11,5,Jean-Paul Duminy,Hardik Pandya,0,0,0,0,1,0,,
1122287,2,South Africa,India,11,6,Heinrich Klaasen,Hardik Pandya,0,0,0,0,1,0,,
1122287,2,South Africa,India,12,1,Heinrich Klaasen,Axar Patel,0,0,0,0,1,0,,
1122287,2,South Africa,India,12,2,Jean-Paul Duminy,Axar Patel,0,0,0,0,6,0,,
1122287,2,South Africa,India,12,3,Jean-Paul Duminy,Axar Patel,0,0,0,0,6,0,,
1122287,2,South Africa,India,12,4,Jean-Paul Duminy,Axar Patel,0,0,0,0,1,0,,
1122287,2,South Africa,India,12,5,Heinrich Klaasen,Axar Patel,0,0,0,0,2,0,,
1122287,2,South Africa,India,12,6,Heinrich Klaasen,Axar Patel,0,0,0,0,0,0,,
1122287,2,South Africa,India,13,1,Jean-Paul Duminy,Hardik Pandya,0,0,0,0,2,0,,
1122287,2,South Africa,India,13,2,Jean-Paul Duminy,Hardik Pandya,0,0,0,0,1,0,,
1122287,2,South Africa,India,13,3,Heinrich Klaasen,Hardik Pandya,0,0,0,0,1,0,,
1122287,2,South Africa,India,13,4,Jean-Paul Duminy,Hardik Pandya,0,0,0,0,1,0,,
1122287,2,South Africa,India,13,5,Heinrich Klaasen,Hardik Pandya,0,0,0,0,0,0,Heinrich Klaasen,caught
1122287,2,South Africa,India,13,6,Christiaan Jonker,Hardik Pandya,0,0,0,0,0,0,,
1122287,2,South Africa,India,14,1,Jean-Paul Duminy,Suresh Raina,0,0,0,0,1,0,,
1122287,2,South Africa,India,14,2,Christiaan Jonker,Suresh Raina,0,0,0,0,0,0,,
1122287,2,South Africa,India,14,3,Christiaan Jonker,Suresh Raina,0,0,0,0,2,0,,
1122287,2,South Africa,India,14,4,Christiaan Jonker,Suresh Raina,0,0,0,0,4,0,,
1122287,2,South Africa,India,14,5,Christiaan Jonker,Suresh Raina,0,0,0,0,4,0,,
1122287,2,South Africa,India,14,6,Christiaan Jonker,Suresh Raina,0,0,0,0,1,0,,
1122287,2,South Africa,India,15,1,Christiaan Jonker,Jasprit Bumrah,0,0,0,0,1,0,,
1122287,2,South Africa,India,15,2,Jean-Paul Duminy,Jasprit Bumrah,0,0,0,0,0,0,,
1122287,2,South Africa,India,15,3,Jean-Paul Duminy,Jasprit Bumrah,0,0,0,0,6,0,,
1122287,2,South Africa,India,15,4,Jean-Paul Duminy,Jasprit Bumrah,0,0,0,0,1,0,,
1122287,2,South Africa,India,15,5,Christiaan Jonker,Jasprit Bumrah,0,0,0,0,1,0,,
1122287,2,South Africa,India,15,6,Jean-Paul Duminy,Jasprit Bumrah,0,0,0,0,1,0,,
1122287,2,South Africa,India,16,1,Jean-Paul Duminy,Shardul Thakur,0,0,0,0,1,0,,
1122287,2,South Africa,India,16,2,Christiaan Jonker,Shardul Thakur,0,0,0,0,1,0,,
1122287,2,South Africa,India,16,3,Jean-Paul Duminy,Shardul Thakur,0,0,0,0,4,0,,
1122287,2,South Africa,India,16,4,Jean-Paul Duminy,Shardul Thakur,0,0,0,0,0,0,,
1122287,2,South Africa,India,16,5,Jean-Paul Duminy,Shardul Thakur,0,0,0,0,2,0,,
1122287,2,South Africa,India,16,6,Jean-Paul Duminy,Shardul Thakur,0,0,0,0,0,0,Jean-Paul Duminy,caught
1122287,2,South Africa,India,17,1,Chris Morris,Jasprit Bumrah,1,0,0,0,1,1,,
1122287,2,South Africa,India,17,2,Chris Morris,Jasprit Bumrah,0,0,0,0,4,0,,
1122287,2,South Africa,India,17,3,Chris Morris,Jasprit Bumrah,0,0,0,0,0,0,,
1122287,2,South Africa,India,17,4,Chris Morris,Jasprit Bumrah,0,0,0,0,0,0,Chris Morris,bowled
1122287,2,South Africa,India,17,5,Farhaan Behardien,Jasprit Bumrah,0,0,0,0,1,0,,
1122287,2,South Africa,India,17,6,Christiaan Jonker,Jasprit Bumrah,0,0,0,0,1,0,,
1122287,2,South Africa,India,17,7,Farhaan Behardien,Jasprit Bumrah,0,0,0,0,4,0,,
1122287,2,South Africa,India,18,1,Christiaan Jonker,Shardul Thakur,0,0,0,0,6,0,,
1122287,2,South Africa,India,18,2,Christiaan Jonker,Shardul Thakur,0,0,0,0,4,0,,
1122287,2,South Africa,India,18,3,Christiaan Jonker,Shardul Thakur,0,0,0,0,0,0,,
1122287,2,South Africa,India,18,4,Christiaan Jonker,Shardul Thakur,0,0,0,0,4,0,,
1122287,2,South Africa,India,18,5,Christiaan Jonker,Shardul Thakur,0,0,0,0,0,0,,
1122287,2,South Africa,India,18,6,Christiaan Jonker,Shardul Thakur,0,0,0,0,4,0,,
1122287,2,South Africa,India,19,1,Farhaan Behardien,Jasprit Bumrah,0,0,0,0,4,0,,
1122287,2,South Africa,India,19,2,Farhaan Behardien,Jasprit Bumrah,0,0,0,0,1,0,,
1122287,2,South Africa,India,19,3,Christiaan Jonker,Jasprit Bumrah,0,0,0,0,6,0,,
1122287,2,South Africa,India,19,4,Christiaan Jonker,Jasprit Bumrah,0,0,0,0,2,0,,
1122287,2,South Africa,India,19,5,Christiaan Jonker,Jasprit Bumrah,0,0,0,0,2,0,,
1122287,2,South Africa,India,19,6,Christiaan Jonker,Jasprit Bumrah,0,0,0,0,1,0,,
1122287,2,South Africa,India,20,1,Christiaan Jonker,Bhuvneshwar Kumar,0,0,0,0,1,0,,
1122287,2,South Africa,India,20,2,Farhaan Behardien,Bhuvneshwar Kumar,0,0,0,0,4,0,,
1122287,2,South Africa,India,20,3,Farhaan Behardien,Bhuvneshwar Kumar,0,0,0,0,1,0,,
1122287,2,South Africa,India,20,4,Christiaan Jonker,Bhuvneshwar Kumar,1,0,0,0,1,1,,
1122287,2,South Africa,India,20,5,Christiaan Jonker,Bhuvneshwar Kumar,0,0,0,0,2,0,,
1122287,2,South Africa,India,20,6,Christiaan Jonker,Bhuvneshwar Kumar,0,0,0,0,2,0,,
1122287,2,South Africa,India,20,7,Christiaan Jonker,Bhuvneshwar Kumar,0,0,0,0,0,0,Christiaan Jonker,caught
